1,2,3,4,5,6,7,8,9,10,11,12,13,14,15,16,17,18,19,20,21,22,23,24,25,26,27,28,29,30,31,32,33,34,35,36,37,38,39,40,41,42,43,44,45,46,47,48,49,50,51,52,53,54,55,56,57,58,59,60,61,62,63,64,65,66,67,68,69,70,71,72,73,74,75,76,77,78,79,80,81,82,83,84,85,86,87,88,89,90,91,92,93,94,95,96,97,98,99,100
6,14,19,25,38,35,42,47,57,63,68,68,85,80,88,101,130,107,104,125,128,117,136,125,130,163,161,161,187,167,166,184,181,199,203,237,217,224,212,242,227,233,228,230,240,291,276,280,276,308,298,311,293,323,347,344,327,317,360,385,399,353,376,358,356,356,394,373,414,419,387,418,473,466,469,421,416,495,450,439,455,510,480,505,491,458,493,483,484,483,487,523,516,509,505,513,524,569,515,542
4,8,12,16,21,24,28,30,39,42,44,47,52,54,62,61,87,73,78,85,86,83,84,88,106,107,104,109,117,110,120,159,129,133,141,139,143,138,141,147,150,175,153,169,156,213,181,237,190,188,196,201,204,192,235,227,208,208,236,226,236,257,236,243,236,249,249,307,265,261,270,300,309,277,285,276,276,297,296,293,295,307,318,341,299,307,311,327,318,330,357,332,333,352,345,359,358,368,371,374
2,3,4,7,9,9,10,15,15,18,15,19,18,21,21,28,24,27,28,27,29,37,31,34,37,38,37,39,44,39,49,47,50,51,52,51,55,52,55,57,56,56,61,65,66,65,65,70,69,70,73,68,77,79,77,73,85,84,91,92,92,96,87,85,92,88,90,92,92,96,96,120,106,103,99,104,118,107,106,113,113,106,107,119,113,120,123,125,115,128,128,121,131,129,124,141,135,132,129,137
2,3,4,6,7,9,10,13,18,16,16,19,19,22,22,36,28,25,27,29,33,35,32,35,36,39,37,41,42,40,50,44,48,53,49,54,57,52,57,68,56,58,56,69,65,66,65,70,66,73,71,76,70,80,85,79,88,97,96,91,89,79,86,96,88,92,93,96,93,99,96,135,138,112,95,97,111,113,113,115,113,112,117,112,115,121,109,113,117,122,124,126,124,132,128,128,130,134,128,132

8,13,16,22,26,31,36,42,51,61,56,60,67,70,77,83,92,103,101,108,171,113,121,121,131,151,140,146,160,162,156,165,163,217,184,199,193,200,199,217,217,224,214,221,222,233,276,249,253,260,273,269,271,303,283,283,318,304,323,345,360,351,334,324,327,328,336,396,369,350,355,369,415,463,392,397,391,461,412,410,417,470,433,493,430,437,434,437,452,450,463,460,463,477,476,498,532,499,494,504
2,4,6,7,10,12,14,16,18,26,22,26,26,29,33,31,36,36,38,40,43,45,48,48,51,55,54,58,60,57,63,68,67,68,74,73,71,74,74,74,77,87,79,80,82,90,91,95,97,100,104,101,109,115,108,117,107,111,116,112,117,132,121,127,126,127,128,153,133,128,130,156,175,145,144,145,148,149,158,159,194,164,165,162,165,157,167,171,170,164,166,178,177,184,174,178,184,178,191,197
1,1,1,2,2,2,3,4,4,5,5,5,5,5,6,8,7,7,8,10,9,11,9,10,11,11,10,13,13,12,13,14,15,14,14,16,17,15,16,17,17,18,16,18,20,21,23,19,21,20,21,20,24,23,21,22,23,26,28,27,26,24,24,26,25,25,28,33,28,28,27,30,28,33,29,31,34,34,32,32,33,34,35,32,34,34,35,34,35,36,36,36,37,39,37,39,38,40,41,41
0,1,1,2,2,2,2,3,4,4,4,5,5,6,6,22,8,9,8,9,10,10,10,10,11,10,11,12,12,13,13,14,23,14,15,16,15,15,16,17,17,18,17,19,20,19,19,19,19,20,23,20,22,24,27,29,23,29,24,27,25,27,26,26,26,26,28,29,27,28,29,34,30,35,31,30,33,33,32,33,34,33,36,33,33,37,36,36,36,35,39,39,37,39,39,37,39,39,39,44
